keyword,volume,traffic_potential,keyword_difficulty,opportunity_score,parent_topic,gap_type,your_page,page_chars,products_shown,blog_links_in,has_faq,competitors,top_competitor_url
cannabis vaporizer,1000,35000,0,35000,dry herb vaporizer,Content gap (no page),,,,,,1,https://www.smokecartel.com/products/cloudious-9-atomic9-dry-herb-vaporizer
dab pen for wax,4400,28000,0,28000,dab pen,Content gap (no page),,,,,,1,https://inhalco.com/blogs/guides/15-best-dab-pens-and-wax-vaporizers
grav labs,2200,49000,1,24500,bongs,Content gap (no page),,,,,,1,https://dankgeek.com/collections/grav
grav bong,1700,65000,2,21667,bongs,Content gap (no page),,,,,,1,https://www.smokecartel.com/collections/grav-labs
nectar collector,25000,18000,0,18000,nectar collector,Optimize existing,/collections/nectar-collectors-straws,6912,29,15,1,1,https://dankgeek.com/collections/nectar-collector
pulsar 510 battery,1000,17000,0,17000,cart battery,Content gap (no page),,,,,,1,https://www.smokecartel.com/collections
puff o,2200,43000,2,14333,puff co,Content gap (no page),,,,,,2,https://inhalco.com/collections/puffco
e rig,4100,13000,0,13000,electric dab rig,Content gap (no page),,,,,,1,https://www.smokecartel.com/Dab
dab rig,45000,31000,3,7750,dab rig,Optimize existing,/collections/dab-rigs-oil-rigs,6758,28,28,1,2,https://dankgeek.com/Water
king palms wraps,3400,15000,1,7500,king palm,Content gap (no page),,,,,,2,https://smokea.com/collections/king-palm
puffco peak pro,28000,22000,2,7333,puffco peak pro,Content gap (no page),,,,,,1,https://www.smokecartel.com/blogs/insights/puffco-new-peak-pro-review-3dxl
bong bowls,1000,6900,0,6900,bong bowl,Optimize existing,/collections/bong-bowls,4544,17,14,1,1,https://www.smokecartel.com/blogs/guides/14mm-bong-bowl-guide
pulsar vapes,900,6900,0,6900,pulsar vape,Optimize existing,/collections/buy-pulsar-vaporizers-premium-vapes,3777,23,1,0,1,https://smokea.com/collections/pulsar
hamilton devices,7600,6800,0,6800,hamilton devices,Content gap (no page),,,,,,1,https://dankgeek.com/Brands
e nail,3400,5600,0,5600,enails,Content gap (no page),,,,,,1,https://dankgeek.com/products/high-five-micro-enail-hybrid-nail-complete-kit
nectar collector dab,1600,5600,0,5600,nectar collector,Content gap (no page),,,,,,1,https://inhalco.com/collections/nectar-collectors
terp slurper,9300,5100,0,5100,terp slurper,Optimize existing,/collections/terp-slurpers,5123,14,6,1,1,https://inhalco.com/collections/terp-slurper
lookah dragon egg,9400,5000,0,5000,lookah dragon egg,Content gap (no page),,,,,,1,https://www.smokecartel.com/blogs/insights/lookah-dragon-egg-erig-review
bubbler pipe,5300,15000,2,5000,bubbler,Content gap (no page),,,,,,1,https://smokea.com/collections/bubblers
grinder weed,3400,4700,0,4700,weed grinder,Optimize existing,/collections/herb-grinders,8202,30,32,1,1,https://www.smokecartel.com/Collections
cute bongs,5100,4200,0,4200,bongs,Optimize existing,/collections/cute-and-girly-bongs-smoking-accessories,5167,25,1,1,1,https://dankgeek.com/collections/cute-bongs
gravity bong glass,1400,4100,0,4100,glass gravity bong,Content gap (no page),,,,,,1,https://www.smokecartel.com/blogs/guides/gravity-bongs-for-hookah
beaker bong,4200,3800,0,3800,beaker bong,Content gap (no page),,,,,,1,https://www.smokecartel.com/Bongs
prism water pipes,2200,3500,0,3500,prism water pipes,Content gap (no page),,,,,,1,https://www.smokecartel.com/collections/prism-water-pipes
dab banger,2700,3200,0,3200,quartz banger,Content gap (no page),,,,,,1,https://inhalco.com/collections/quartz-banger
ash catcher,4800,5900,1,2950,ash catcher,Optimize existing,/collections/ash-catchers,4037,11,7,1,3,https://www.smokecartel.com/collections/ashcatcher
puffco peak glass,3300,2900,0,2900,puffco peak glass,Content gap (no page),,,,,,1,https://inhalco.com/Guides
cannabis grinder,1500,11000,3,2750,weed grinder,Content gap (no page),,,,,,1,https://www.smokecartel.com/collections/grinders-sale
dab rigs under $50,600,2500,0,2500,dab rigs under $50,Optimize existing,/collections/dab-rigs-under-50,4852,19,0,1,2,https://www.smokecartel.com/collections/dab-rigs-under-50
gas mask bong,2500,2400,0,2400,gas mask bong,Optimize existing,/collections/gas-mask-bongs,3597,5,0,1,1,https://inhalco.com/products/silicone-gas-mask-bong
downstem for bong,1200,2400,0,2400,bong stem,Content gap (no page),,,,,,1,https://www.smokecartel.com/blogs/guides/downstems-finding-the-right-fit
weed gas mask,900,2400,0,2400,gas mask bong,Content gap (no page),,,,,,1,https://www.smokecartel.com/collections/gas-mask-bongs
pulsar vape battery,1700,9300,3,2325,pulsar vape battery,Content gap (no page),,,,,,1,https://smokea.com/products
wulf battery,900,2200,0,2200,wulf mods,Content gap (no page),,,,,,1,https://dankgeek.com/products/wulf-mods-pro-510-voltage-battery
electric dab rig,11000,18000,8,2000,electric dab rig,Optimize existing,/collections/electric-dab-rigs,3861,8,49,1,3,https://www.smokecartel.com/collections/electric-rigs
bong parts,1100,1900,0,1900,bong accessories,Content gap (no page),,,,,,1,https://www.smokecartel.com/collections/bong-adapters?filter.p.vendor=GRAV
glass pipe,6400,65000,36,1757,bongs,Content gap (no page),,,,,,1,https://dankgeek.com/Hand
portable bong,1000,1700,0,1700,silicone bong,Content gap (no page),,,,,,1,https://dankgeek.com/collections
glass bubbler,1400,15000,8,1667,bubbler,Content gap (no page),,,,,,1,https://www.smokecartel.com/blogs/insights/what-is-a-glass-bubbler
dab rig electric,2700,18000,10,1636,electric dab rig,Optimize existing,/collections/electric-dab-rigs,3861,8,49,1,1,https://dankgeek.com/blogs/dnkgk/electric-dab-rig-review
pink bong,2300,1400,0,1400,pink bong,Optimize existing,/collections/pink-bongs,5657,26,0,1,1,https://inhalco.com/blogs/guides/top-10-romantic-pink-bongs
pink bongs,600,1400,0,1400,pink bong,Optimize existing,/collections/pink-bongs,5657,26,0,1,1,https://inhalco.com/collections/pink-bong
bear quartz,2300,1300,0,1300,bear quartz,Content gap (no page),,,,,,1,https://www.smokecartel.com/products/bear-quartz-v2-flat-22mm-banger
recycler dab rig,900,1300,0,1300,recycler dab rig,Optimize existing,/collections/recycler-bongs-dab-rigs,6754,28,3,1,2,https://dankgeek.com/collections/recycler-rigs
weed tray,2300,3700,2,1233,rolling tray,Content gap (no page),,,,,,2,https://dankgeek.com/collections/rolling-trays
mav glass,1400,1200,0,1200,mav glass,Content gap (no page),,,,,,1,https://dankgeek.com/collections/mav-glass
types of bongs,1200,1100,0,1100,types of bongs,Content gap (no page),,,,,,1,https://www.smokecartel.com/blogs/guides/how-to-choose-the-perfect-bong-or-water-pipe
bong bowl,2000,6100,5,1017,bong bowl,Optimize existing,/collections/bong-bowls,4544,17,14,1,1,https://www.smokecartel.com/collections/bowl
heart bong,1900,1000,0,1000,heart bong,Content gap (no page),,,,,,1,https://inhalco.com/collections/heart-bong
electric dab rig under $100,1900,1000,0,1000,electric dab rig under $100,Content gap (no page),,,,,,1,https://inhalco.com/collections/dab-rigs-under-100
dab torch,1200,1000,0,1000,torch for dabs,Content gap (no page),,,,,,1,https://dankgeek.com/collections/dab-torches
best glass bongs,1200,58000,61,935,grav,Content gap (no page),,,,,,1,https://dankgeek.com/pages/brands
vape pod battery,5100,900,0,900,vape pod battery,Content gap (no page),,,,,,1,https://dankgeek.com/products/solpod-express-kit
dry weed vaporizer,450,38000,45,826,dry herb vaporizer,Optimize existing,/collections/dry-herb-vaporizers,3650,5,32,0,1,https://dankgeek.com/Vaporizers
ash catcher bong,2000,2400,2,800,ash catcher bong,Content gap (no page),,,,,,1,https://dankgeek.com/collections/ash-catchers
yocan vape,5500,25000,34,714,yocan,Content gap (no page),,,,,,1,https://inhalco.com/collections/yocan
chillum pipe,2600,1400,1,700,chillum pipe,Content gap (no page),,,,,,1,https://smokea.com/collections/chillums
yocan dry herb vaporizer,900,700,0,700,yocan dry herb vaporizer,Optimize existing,/collections/dry-herb-vaporizers,3650,5,32,0,1,https://www.smokecartel.com/collections/vapes-under-50?filter.p.vendor=Yocan
roach clips,1400,600,0,600,roach clips for weed,Content gap (no page),,,,,,1,https://dankgeek.com/collections/joint-cigarette-holders-clips
glass nectar collector,1300,600,0,600,glass nectar collector,Content gap (no page),,,,,,1,https://www.smokecartel.com/collections/nectar-collectors-dab-straws?filter.p.vendor=Ooze
best rolling papers,1200,600,0,600,best rolling papers,Optimize existing,/collections/rolling-papers-wraps,6724,29,18,1,1,https://smokea.com/collections/roll-your-own
best percolator bongs,1100,1800,2,600,best percolator bongs,Optimize existing,/collections/percolator-bongs,6675,23,8,0,1,https://smokea.com/collections/percolator-bongs
elements rolling papers,1100,600,0,600,elements rolling papers,Content gap (no page),,,,,,1,https://www.smokecartel.com/products/elements-300-ultra-thin-1-1-4-rice-rolling-papers
juice box bong,900,600,0,600,juice box bong,Content gap (no page),,,,,,1,https://inhalco.com/collections/juicebox-bongs
wax rig,1500,31000,51,596,dab rig,Content gap (no page),,,,,,1,https://dankgeek.com/collections/dab-rigs
dry herb vaporizer,26000,18000,30,581,dry herb vaporizer,Optimize existing,/collections/dry-herb-vaporizers,3650,5,32,0,2,https://dankgeek.com/collections/dry-herb-flower-vaporizers
silicone dab rigs,150,1600,2,533,silicone dab rig,Optimize existing,/collections/silicone-dab-rigs,3474,6,6,1,1,https://smokea.com/collections/dab-rigs
water bong,5400,37000,69,529,bong,Optimize existing,/collections/bongs-water-pipes,7664,28,55,1,1,https://dankgeek.com/collections/bongs-water-pipes
weed stash box,1300,1000,1,500,weed stash box,Content gap (no page),,,,,,1,https://smokea.com/collections/storage
dab nail,2200,1400,2,467,dab nail,Optimize existing,/collections/electric-dab-nails,4178,11,7,1,1,https://smokea.com/collections/bangers-nails
bong cleaning kit,2400,450,0,450,bong cleaning kit,Content gap (no page),,,,,,1,https://www.smokecartel.com/blogs/guides/bong-cleaning-kit-for-beginners
glow in the dark bong,600,450,0,450,glow in the dark bong,Optimize existing,/collections/glow-in-the-dark-bongs,5472,28,0,1,1,https://www.smokecartel.com/collections/glow-in-the-dark
sherlock holmes pipe,1400,400,0,400,sherlock holmes pipe,Content gap (no page),,,,,,1,https://www.smokecartel.com/collections/sherlock
bong with percolator,1100,800,1,400,best percolator bongs,Optimize existing,/collections/percolator-bongs,6675,23,8,0,1,https://dankgeek.com/collections/percolator-bongs
spongebob bong,1000,400,0,400,spongebob bong,Content gap (no page),,,,,,1,https://inhalco.com/blogs/guides/8-best-spongebob-bongs
dome wrecker,900,400,0,400,dome wrecker,Content gap (no page),,,,,,1,https://smokea.com/collections/dome-wrecker
vape battery,11000,19000,48,388,510 thread battery,Content gap (no page),,,,,,1,https://dankgeek.com/collections/vape-batteries-chargers-power-supplies
steamroller pipes,200,350,0,350,steamroller pipes,Optimize existing,/collections/steamroller-pipes,3298,4,0,0,1,https://dankgeek.com/collections/glass-steamroller-pipes
glass pipes online,350,27000,80,333,bongs,Optimize existing,/collections/unique-glass-hand-pipes-sneaker,2251,0,2,0,1,https://smokea.com/collections/glass-pipes
gravity bongs,1800,9600,30,310,gravity bong,Content gap (no page),,,,,,1,https://www.smokecartel.com/collections/gravity-bongs
tobacco pipe parts,4500,1500,4,300,tobacco pipe parts,Content gap (no page),,,,,,2,https://smokea.com/collections/pipe-parts-accessories
reclaim catcher,2100,300,0,300,reclaim catcher,Content gap (no page),,,,,,1,https://inhalco.com/collections/reclaim-catchers
lava lamp bong,1000,300,0,300,lava lamp bong,Content gap (no page),,,,,,1,https://www.smokecartel.com/blogs/insights/lava-lamp-silicone
electric dab rig under $50,800,300,0,300,electric dab rig under $50,Optimize existing,/collections/dab-rigs-under-50,4852,19,0,1,1,https://inhalco.com/collections/dab-rigs-under-50
hand pipe,1200,3100,10,282,glass weed pipe,Content gap (no page),,,,,,1,https://inhalco.com/collections/hand-pipes
skull bongs,100,250,0,250,skull bong,Optimize existing,/collections/skull-bongs,3533,9,0,1,1,https://inhalco.com/collections/skull-bongs-and-accessories
puffco dab rig,2000,4800,22,209,puffco dab rig,Content gap (no page),,,,,,1,https://www.smokecartel.com/blogs/insights/new-puffco-peak
weed grinder,12000,8300,39,208,weed grinders,Optimize existing,/collections/herb-grinders,8202,30,32,1,1,https://www.smokecartel.com/collections/grinder
mushroom bong,2000,200,0,200,mushroom bong,Optimize existing,/collections/mushroom-bongs,4498,17,0,1,1,https://inhalco.com/collections/mushroom-bong
wax pen,19000,8100,43,184,wax vape pen,Content gap (no page),,,,,,3,https://dankgeek.com/collections/dab-wax-pens
herb grinder,4600,8300,45,180,weed grinders,Optimize existing,/collections/herb-grinders,8202,30,32,1,1,https://dankgeek.com/collections/weed-grinders
glass pipe for smoking,2000,9700,55,173,pipes,Content gap (no page),,,,,,1,https://dankgeek.com/collections/hand-pipes
water pipe,14000,5300,33,156,water pipe,Content gap (no page),,,,,,2,https://dankgeek.com/collections/water-pipes
1 hose hookah,1400,150,0,150,1 hose hookah,Content gap (no page),,,,,,1,https://www.smokecartel.com/products/amira-1-hose-premium-hookah-hieros
e nails,2000,5400,43,123,e nail,Content gap (no page),,,,,,2,https://www.smokecartel.com/Guides
nectar collector dab straw,200,1800,14,120,dab straw,Optimize existing,/collections/nectar-collectors-straws,6912,29,15,1,1,https://dankgeek.com/collections/dab-straws
cool bongs,4900,7800,70,110,cool bongs,Content gap (no page),,,,,,1,https://smokea.com/collections/bongs-cheap
mini bongs,1100,5600,55,100,mini bongs,Optimize existing,/collections/mini-bongs,4546,15,1,1,1,https://smokea.com/collections/small-bongs
glass joint,1300,400,4,80,glass joint,Content gap (no page),,,,,,1,https://dankgeek.com/collections/glass-blunts-joints
joint roller,5200,2300,28,79,joint roller,Content gap (no page),,,,,,1,https://dankgeek.com/blogs/guides/the-top-10-rolling-machines-for-easier-joint-rolling
parts of a bong,900,150,1,75,parts of a bong,Content gap (no page),,,,,,1,https://dankgeek.com/collections/bong-parts-accessories
glass blunt,8300,2100,31,66,glass blunt,Optimize existing,/collections/glass-blunts,3509,2,0,1,1,https://smokea.com/collections/glass-blunts
quartz bangers,500,450,6,64,quartzbangers,Optimize existing,/collections/quartz-bangers-nails,4022,5,23,0,1,https://dankgeek.com/collections/quartz-bangers
white rhino glass,1300,60,0,60,rhino glass,Content gap (no page),,,,,,1,https://smokea.com/collections/white-rhino
silicone pipe,1800,800,13,57,silicone pipes,Content gap (no page),,,,,,1,https://smokea.com/collections/silicone-pipes
vape pen,25000,2400,57,41,weed pen brands,Optimize existing,/collections/vape-pens,3492,8,26,0,1,https://smokea.com/collections/vaporizers
cart batteries,2600,1300,37,34,pen cart battery,Content gap (no page),,,,,,1,https://smokea.com/collections/vape-pen-batteries
silicone dab rig,1500,20,0,20,silicone rig,Optimize existing,/collections/silicone-dab-rigs,3474,6,6,1,2,https://dankgeek.com/collections/silicone-rigs
ceramic bongs online,70,350,26,13,ceramic bong,Optimize existing,/collections/buy-ceramic-bongs-online-artisan-pipes,5697,23,1,0,1,https://dankgeek.com/collections/ceramic-bongs
best dugout,150,350,28,12,one hitter dugout,Optimize existing,/collections/chillums-dugouts,5891,23,0,0,1,https://dankgeek.com/collections/dugouts
best bongs,2000,200,34,6,best water bong,Optimize existing,/collections/bongs-water-pipes,7664,28,55,1,1,https://www.smokecartel.com/blogs/insights/water-pipes-smoke-prism-glass-review
quartz nails,400,0,1,0,quarts nails,Optimize existing,/collections/quartz-bangers-nails,4022,5,23,0,1,https://dankgeek.com/collections/quartz-nails
disposable weed pen,14000,,,,,Content gap (no page),,,,,,1,https://smokea.com/collections/disposables
coned edibles,8500,,,,,Content gap (no page),,,,,,1,https://smokea.com/products/baked-bags-600mg-delta-8-coned-infused-edibles
thc cartridge,8100,,,,,Content gap (no page),,,,,,1,https://smokea.com/Hi
cookies cart,5100,,,,,Content gap (no page),,,,,,1,https://smokea.com/collections/cookies
thca vapes,4200,,,,,Content gap (no page),,,,,,1,https://smokea.com/collections/thca
torch disposable vape,3800,,,,,Content gap (no page),,,,,,1,https://smokea.com/collections/torch
kratom for sale,3700,,,,,Content gap (no page),,,,,,1,https://smokea.com/collections/kratom
thcp vape,2700,,,,,Content gap (no page),,,,,,1,https://smokea.com/collections/thcp
dab wax,2500,,,,,Content gap (no page),,,,,,1,https://www.smokecartel.com/blogs/guides/affordable-dab-pens
how to dry weed,2000,,,,,Content gap (no page),,,,,,1,https://inhalco.com/blogs/guides/what-to-do-with-old-weed
delta 9 carts,2000,,,,,Content gap (no page),,,,,,1,https://smokea.com/collections/delta-9
baja blast vape,2000,,,,,Content gap (no page),,,,,,1,https://smokea.com/products/litty-5g-thca-loaded-live-diamonds-vape-baja-blast
high club,1600,,,,,Content gap (no page),,,,,,1,https://www.smokecartel.com/collections/daily-high-club
hydroxie tablets,1600,,,,,Content gap (no page),,,,,,1,https://smokea.com/collections/hydroxie
what is thc-p,1600,,,,,Content gap (no page),,,,,,1,https://smokea.com/collections/thcp?page=8
weeday bong,1400,,,,,Content gap (no page),,,,,,1,https://dankgeek.com/collections/weeday
thca dabs,1400,,,,,Content gap (no page),,,,,,1,https://smokea.com/collections/thca-dabs
puffco weed,1100,,,,,Content gap (no page),,,,,,1,https://dankgeek.com/collections/puffco
puffco peak glass replacement,1100,,,,,Content gap (no page),,,,,,1,https://inhalco.com/blogs/guides/best-puffco-peak-glass-replacements-you-must-try
plur beyond molly,1100,,,,,Content gap (no page),,,,,,1,https://smokea.com/products/plur-beyond-molly-5mapb-heart-soft-gels-booster-pack
weed vape pod,1000,,,,,Content gap (no page),,,,,,1,https://smokea.com/collections/pod-vapes
weed mystery box,900,,,,,Content gap (no page),,,,,,1,https://www.smokecartel.com/Insights
fake cart brand list,900,,,,,Content gap (no page),,,,,,1,https://www.smokecartel.com/blogs/guides/how-to-spot-fake-carts
handheld concentrates,900,,,,,Content gap (no page),,,,,,1,https://dankgeek.com/collections/portable-vaporizers
straight tube bong,800,,,,,Content gap (no page),,,,,,3,https://www.smokecartel.com/collections/straight-tube-bongs-and-water-pipes
vape accessories,800,,,,,Content gap (no page),,,,,,1,https://dankgeek.com/collections/vaporizer-parts-and-accessories
acrylic bong,800,,,,,Content gap (no page),,,,,,1,https://smokea.com/collections/acrylic-pipes
beaker bongs,700,,,,,Content gap (no page),,,,,,1,https://www.smokecartel.com/collections/beaker-bongs
ice catcher bong,700,,,,,Content gap (no page),,,,,,1,https://www.smokecartel.com/collections/ice-bongs
stoner box,700,,,,,Content gap (no page),,,,,,1,https://www.smokecartel.com/blogs/guides/themed-subscription-box
ocb weed,700,,,,,Content gap (no page),,,,,,1,https://www.smokecartel.com/Culture
plastic bong,700,,,,,Content gap (no page),,,,,,1,https://dankgeek.com/collections/acrylic-bongs
alien bong,700,,,,,Content gap (no page),,,,,,1,https://inhalco.com/collections
big bongs,700,,,,,Content gap (no page),,,,,,1,https://inhalco.com/collections/big-bongs
backwood roller,700,,,,,Content gap (no page),,,,,,1,https://inhalco.com/collections/blunt-roller
xmax qomo,700,,,,,Content gap (no page),,,,,,1,https://inhalco.com/collections/qomo
vibes papers,700,,,,,Content gap (no page),,,,,,1,https://smokea.com/collections/vibes
marley natural,600,,,,,Content gap (no page),,,,,,1,https://www.smokecartel.com/collections/marley-natural?filter.p.vendor=Marley+Natural
how to clean a glass bong without alcohol,600,,,,,Content gap (no page),,,,,,1,https://www.smokecartel.com/blogs/guides/cleaning-glass-bong-without-alcohol
yocan xl,600,,,,,Content gap (no page),,,,,,1,https://www.smokecartel.com/blogs/insights/yocan-evolve-plus-xl-review
hammer bubbler,600,,,,,Content gap (no page),,,,,,1,https://www.smokecartel.com/collections/hammer-bubblers
afm glass,600,,,,,Content gap (no page),,,,,,2,https://dankgeek.com/collections/afm
cali crusher,600,,,,,Content gap (no page),,,,,,1,https://dankgeek.com/collections/cali-crusher
titanium dab nail,600,,,,,Content gap (no page),,,,,,1,https://dankgeek.com/collections/titanium-nails
fat ass glass,600,,,,,Content gap (no page),,,,,,1,https://dankgeek.com/collections/thick-ass-glass
nectar collector glass,600,,,,,Content gap (no page),,,,,,1,https://inhalco.com/collections/glass-nectar-collector
dab straws,600,,,,,Content gap (no page),,,,,,2,https://inhalco.com/Nectar
mini bubbler water pipe,600,,,,,Content gap (no page),,,,,,1,https://inhalco.com/collections/bubblers
thca disposables,600,,,,,Content gap (no page),,,,,,1,https://smokea.com/collections/thca-disposables
oil vape pen,600,,,,,Content gap (no page),,,,,,1,https://smokea.com/collections/oil-vaporizers
hi on nature,600,,,,,Content gap (no page),,,,,,1,https://smokea.com/collections/hi-on-nature
perc bong,500,,,,,Content gap (no page),,,,,,1,https://www.smokecartel.com/collections/percolator-bongs
la pipes,500,,,,,Content gap (no page),,,,,,2,https://dankgeek.com/collections/la-pipes
best bong cleaner,500,,,,,Content gap (no page),,,,,,1,https://www.smokecartel.com/blogs/guides/insightshow-to-clean-a-bong-best-bong-cleaners
stone pipe,500,,,,,Content gap (no page),,,,,,1,https://dankgeek.com/collections/stone-pipes
metal bong,500,,,,,Content gap (no page),,,,,,1,https://dankgeek.com/collections/metal-bongs
sherlock glass,500,,,,,Content gap (no page),,,,,,1,https://dankgeek.com/collections/sherlock-pipes
zip meaning weed,500,,,,,Content gap (no page),,,,,,1,https://inhalco.com/blogs/guides/zip-of-weed
metal smoking pipe,500,,,,,Content gap (no page),,,,,,1,https://smokea.com/collections/metal-pipes
tall bongs,500,,,,,Content gap (no page),,,,,,1,https://smokea.com/collections/tall-bongs
baja blast cart,500,,,,,Content gap (no page),,,,,,1,https://smokea.com/products/litty-af-blend-vape-cartridges-baja-blast-3-pack
glycerin bong,500,,,,,Content gap (no page),,,,,,1,https://smokea.com/blogs/blog/glycerin-water-pipe
yocan dab rig,450,,,,,Content gap (no page),,,,,,1,https://www.smokecartel.com/collections/electric-rigs?filter.p.vendor=Yocan
glass banger,450,,,,,Content gap (no page),,,,,,1,https://dankgeek.com/Accessories/Dab
pulsar glass,450,,,,,Content gap (no page),,,,,,1,https://dankgeek.com/collections/pulsar
bubble bong,450,,,,,Content gap (no page),,,,,,1,https://inhalco.com/collections/bubble-bongs
freeze bong,450,,,,,Content gap (no page),,,,,,1,https://inhalco.com/collections/glycerin-bong-and-accessories
purple bong,450,,,,,Content gap (no page),,,,,,1,https://inhalco.com/blogs/guides/top-10-purple-bongs
14mm downstem,450,,,,,Content gap (no page),,,,,,1,https://smokea.com/collections/bong-downstems
pulsar bongs,400,,,,,Content gap (no page),,,,,,2,https://www.smokecartel.com/collections/glass-bongs?filter.p.vendor=Pulsar
bong attachments,400,,,,,Content gap (no page),,,,,,1,https://www.smokecartel.com/collections/bong-accessories
reclaim catcher for dab rig,400,,,,,Content gap (no page),,,,,,1,https://dankgeek.com/collections/reclaimers
puffco peak temp settings,400,,,,,Content gap (no page),,,,,,1,https://dankgeek.com/blogs/guides/puffco-new-peak-the-complete-user-guide
calibear glass,400,,,,,Content gap (no page),,,,,,1,https://dankgeek.com/collections/calibear
anime bongs,400,,,,,Content gap (no page),,,,,,1,https://inhalco.com/collections/cartoon-bongs
spinner carb cap,400,,,,,Content gap (no page),,,,,,1,https://inhalco.com/collections/carb-caps
dab pearls,400,,,,,Content gap (no page),,,,,,1,https://inhalco.com/blogs/guides/how-to-use-terp-pearls
6 foot bong,400,,,,,Content gap (no page),,,,,,1,https://smokea.com/products/headway-big-boy-36-72-3ft-6ft-acrylic-bong
thca carts for sale,400,,,,,Content gap (no page),,,,,,1,https://smokea.com/collections/thca-cartridges
joint tips,400,,,,,Content gap (no page),,,,,,1,https://smokea.com/collections/filters-tips
glass screen for pipe,400,,,,,Content gap (no page),,,,,,1,https://smokea.com/collections/screens
pulsar battery vape,400,,,,,Content gap (no page),,,,,,1,https://smokea.com/products/pulsar-digital-display-thermo-change-510-vape-battery
wunder gummies,400,,,,,Content gap (no page),,,,,,1,https://smokea.com/collections/wunder
12 inch bong,400,,,,,Content gap (no page),,,,,,1,https://smokea.com/products/human-grade-12-beaker-bong
small water pipe,350,,,,,Content gap (no page),,,,,,1,https://www.smokecartel.com/collections/mini-bongs
steam roller for weed,350,,,,,Content gap (no page),,,,,,2,https://smokea.com/collections/steamrollers
silicone water pipe,350,,,,,Content gap (no page),,,,,,1,https://dankgeek.com/collections/silicone-bongs
4 piece grinder,350,,,,,Content gap (no page),,,,,,1,https://dankgeek.com/collections/4-part-grinders
rubber bong,350,,,,,Content gap (no page),,,,,,2,https://smokea.com/collections/silicone-bongs
star wars bong,350,,,,,Content gap (no page),,,,,,1,https://inhalco.com/blogs/guides/top-7-star-wars-bongs
dinosaur bong,350,,,,,Content gap (no page),,,,,,1,https://inhalco.com/blogs/guides/top-8-dinosaur-bongs
bong types,350,,,,,Content gap (no page),,,,,,1,https://inhalco.com/blogs/guides/different-types-of-bongs-and-why-your-choice-really-matters
glass gandalf pipe,350,,,,,Content gap (no page),,,,,,1,https://inhalco.com/blogs/guides/8-best-gandalf-pipes-you-deserve
litty carts,350,,,,,Content gap (no page),,,,,,1,https://smokea.com/collections/litty
portable vaporizers,350,,,,,Content gap (no page),,,,,,1,https://smokea.com/collections/portable-vaporizers
pulsar dab pen,300,,,,,Content gap (no page),,,,,,1,https://www.smokecartel.com/collections/dab-pens-wax-vaporizers?filter.p.vendor=Pulsar
clear bong,300,,,,,Content gap (no page),,,,,,1,https://dankgeek.com/collections/glass-bongs
silicone dab straw,300,,,,,Content gap (no page),,,,,,1,https://dankgeek.com/collections/silicone-dab-straws
silicone bubbler,300,,,,,Content gap (no page),,,,,,1,https://dankgeek.com/collections/silicone-bubblers
sherlock pipes,300,,,,,Content gap (no page),,,,,,1,https://dankgeek.com/blogs/guides/the-top-10-sherlock-pipes-products-on-dankgeek
glass steamroller pipe,300,,,,,Content gap (no page),,,,,,1,https://dankgeek.com/blogs/guides/the-top-10-glass-steamrollers-you-can-find-at-dankgeek
nectar collector silicone,300,,,,,Content gap (no page),,,,,,1,https://inhalco.com/collections/silicone-nectar-collector
borosilicate glass bong,300,,,,,Content gap (no page),,,,,,1,https://inhalco.com/collections/glass-bongs
collapsible bong,300,,,,,Content gap (no page),,,,,,2,https://smokea.com/products/smokea-fold-a-bowl-silicone-bong
puffco carb cap,300,,,,,Content gap (no page),,,,,,1,https://inhalco.com/products/puffco-peak-carb-cap-2pcs
seahorse wax pen,300,,,,,Content gap (no page),,,,,,1,https://inhalco.com/products/lookah-seahorse-pro-plus-electric-dab-pen-kit-650mah
crystal ball bong,300,,,,,Content gap (no page),,,,,,1,https://inhalco.com/blogs/guides/top-8-crystal-ball-bongs
delta 8 wax,300,,,,,Content gap (no page),,,,,,1,https://smokea.com/collections/dabs
where can i buy magic mushrooms,300,,,,,Content gap (no page),,,,,,1,https://smokea.com/collections/mushrooms
ooze weed pen,300,,,,,Content gap (no page),,,,,,1,https://smokea.com/collections/ooze
plume vape,300,,,,,Content gap (no page),,,,,,1,https://smokea.com/collections/plume
dabs vape,250,,,,,Content gap (no page),,,,,,1,https://www.smokecartel.com/collections/dab-pens-wax-vaporizers
bong banger,250,,,,,Content gap (no page),,,,,,1,https://www.smokecartel.com/collections/quartz-nails-bangers-and-domeless-dab-nails
seahorse tips,250,,,,,Content gap (no page),,,,,,1,https://www.smokecartel.com/blogs/insights/lookah-seahorse-coils-review
good cheap bongs,250,,,,,Content gap (no page),,,,,,1,https://www.smokecartel.com/blogs/guides/best-bongs-under-36
glycerin pipe,250,,,,,Content gap (no page),,,,,,1,https://www.smokecartel.com/collections/glycerin-coil-pipes
easy clean bong,250,,,,,Content gap (no page),,,,,,1,https://www.smokecartel.com/blogs/guides/easy-clean
12 inch beaker bong,250,,,,,Content gap (no page),,,,,,1,https://dankgeek.com/collections/beaker-bongs
dab glass,250,,,,,Content gap (no page),,,,,,1,https://dankgeek.com/collections/glass-dab-rigs
best desktop vaporizers,250,,,,,Content gap (no page),,,,,,1,https://dankgeek.com/collections/desktop-vaporizers
custom puffco glass,250,,,,,Content gap (no page),,,,,,1,https://inhalco.com/collections/puffco-peak-glass
triple percolator bong,250,,,,,Content gap (no page),,,,,,1,https://inhalco.com/collections/percolator-bong
blunt holder,250,,,,,Content gap (no page),,,,,,1,https://inhalco.com/collections/joint-holder
dab hitter,250,,,,,Content gap (no page),,,,,,1,https://inhalco.com/products/silicone-glass-dab-straw
bluntlife spray,250,,,,,Content gap (no page),,,,,,1,https://inhalco.com/blogs/guides/what-is-bluntlife-spray-a-comprehensive-guide
puffco peak glass top,250,,,,,Content gap (no page),,,,,,1,https://inhalco.com/products/puffco-peak-glass-top-sol-perc
pipes for smoking herbs,250,,,,,Content gap (no page),,,,,,1,https://smokea.com/collections/pipes
onie weed,250,,,,,Content gap (no page),,,,,,1,https://smokea.com/collections/one-hitters
tabletop vaporizer,250,,,,,Content gap (no page),,,,,,1,https://smokea.com/collections/desktop-vaporizer
zig zag blunt cones,250,,,,,Content gap (no page),,,,,,1,https://smokea.com/products/zig-zag-pre-rolled-cone-blunt-wraps
ceramic dab nail,250,,,,,Content gap (no page),,,,,,1,https://smokea.com/collections/ceramic-nails
different types of dab bangers,200,,,,,Content gap (no page),,,,,,1,https://www.smokecartel.com/blogs/guides/guide-to-dab-banger-types
weed chillum,200,,,,,Content gap (no page),,,,,,1,https://www.smokecartel.com/collections/chillum
color changing glass pipes,200,,,,,Content gap (no page),,,,,,1,https://www.smokecartel.com/blogs/guides/fumed-glass-how-color-changing-pipes-work
bong mystery box,200,,,,,Content gap (no page),,,,,,1,https://www.smokecartel.com/blogs/insights/smoke-cartel-mystery-box-review
difference between bubbler and bong,200,,,,,Content gap (no page),,,,,,1,https://www.smokecartel.com/blogs/guides/bong-vs-bubblers
glass pipe smoking,200,,,,,Content gap (no page),,,,,,1,https://dankgeek.com/collections/glass-pipes
bubble base,200,,,,,Content gap (no page),,,,,,1,https://dankgeek.com/collections/bubble-base-bongs
zig zag bong,200,,,,,Content gap (no page),,,,,,2,https://dankgeek.com/collections/zong-bongs
dab rig pieces,200,,,,,Content gap (no page),,,,,,1,https://dankgeek.com/collections/dab-rig-parts-accessories
hemper glass,200,,,,,Content gap (no page),,,,,,1,https://dankgeek.com/collections/hemper
10mm bowl,200,,,,,Content gap (no page),,,,,,1,https://dankgeek.com/collections/bong-bowls
mj arsenal glass,200,,,,,Content gap (no page),,,,,,1,https://dankgeek.com/collections/mj-arsenal
one hitter dab pipe,200,,,,,Content gap (no page),,,,,,1,https://inhalco.com/collections/one-hitters
gary the snail bong,200,,,,,Content gap (no page),,,,,,1,https://inhalco.com/products/hemper-gary-the-snail-xl-bong
louis vuitton bong,200,,,,,Content gap (no page),,,,,,1,https://inhalco.com/products/lv-pattern-beaker-bong
best torch for dabs,200,,,,,Content gap (no page),,,,,,1,https://inhalco.com/blogs/guides/how-big-of-a-torch-do-you-need-for-dabs
dabbing tools,200,,,,,Content gap (no page),,,,,,1,https://inhalco.com/collections/dab-tools
slides for bongs,200,,,,,Content gap (no page),,,,,,1,https://smokea.com/collections/bong-slides-bowls
top shelf hemp co,200,,,,,Content gap (no page),,,,,,1,https://smokea.com/collections/top-shelf-hemp
eyce pipes,200,,,,,Content gap (no page),,,,,,1,https://smokea.com/collections/eyce
small beaker bong,200,,,,,Content gap (no page),,,,,,1,https://smokea.com/collections/beaker-bongs
cookie disposable,200,,,,,Content gap (no page),,,,,,1,https://smokea.com/products/cookies-1g-delta-8-disposable-vape-pancakes
ispire dab rig,150,,,,,Content gap (no page),,,,,,1,https://www.smokecartel.com/blogs/insights/ispire-daab-e-rig-review
dabbing torch,150,,,,,Content gap (no page),,,,,,1,https://www.smokecartel.com/collections/dab-torches
pod battery vape,150,,,,,Content gap (no page),,,,,,1,https://www.smokecartel.com/collections/510-thread-batteries
ice bong mold,150,,,,,Content gap (no page),,,,,,1,https://www.smokecartel.com/blogs/guides/eyce-mold-review-the-silicone-ice-pipe
sherlock holmes weed pipe,150,,,,,Content gap (no page),,,,,,1,https://dankgeek.com/collections/wood-sherlock-pipes
chillum one hitter,150,,,,,Content gap (no page),,,,,,1,https://dankgeek.com/collections/chillums-one-hitters
dab pad,150,,,,,Content gap (no page),,,,,,1,https://dankgeek.com/collections/dab-mats-pads
9mm bong,150,,,,,Content gap (no page),,,,,,1,https://dankgeek.com/collections/9mm-thick-glass-bongs
bong cleaning tools,150,,,,,Content gap (no page),,,,,,1,https://dankgeek.com/collections/cleaning-tools-for-bongs-rigs-pipes-vapes
one hitters glass,150,,,,,Content gap (no page),,,,,,1,https://dankgeek.com/collections/glass-chillums-one-hitters
bong adapter,150,,,,,Content gap (no page),,,,,,1,https://dankgeek.com/collections/bong-dab-rig-adapters
electronic nectar collector,150,,,,,Content gap (no page),,,,,,1,https://inhalco.com/collections/electric-nectar-collectors
dab storage,150,,,,,Content gap (no page),,,,,,1,https://inhalco.com/collections/dab-containers
honey straw dab,150,,,,,Content gap (no page),,,,,,1,https://inhalco.com/collections/honey-straw
girly dab rigs,150,,,,,Content gap (no page),,,,,,1,https://inhalco.com/collections/girly-bongs
dab types,150,,,,,Content gap (no page),,,,,,1,https://inhalco.com/blogs/guides/the-science-behind-dabbing-temperature-tools-and-techniques
do edibles smell like weed,150,,,,,Content gap (no page),,,,,,1,https://inhalco.com/blogs/guides/do-edibles-smell
alien bongs,150,,,,,Content gap (no page),,,,,,1,https://inhalco.com/collections/alien-bongs-and-accessories
10mm reclaim catcher,150,,,,,Content gap (no page),,,,,,1,https://inhalco.com/products/10mm-reclaim-catcher
what does 420 mean in dating,150,,,,,Content gap (no page),,,,,,1,https://inhalco.com/blogs/guides/what-does-420-friendly-mean
spoon bowl for smoking,150,,,,,Content gap (no page),,,,,,1,https://smokea.com/collections/spoons
cheap bubbler water pipe,150,,,,,Content gap (no page),,,,,,1,https://smokea.com/collections/glass-bubblers
rio dab rig,150,,,,,Content gap (no page),,,,,,1,https://smokea.com/products/stache-products-rio-rig-in-one-makeover-kit
14 mm banger,150,,,,,Content gap (no page),,,,,,1,https://smokea.com/collections/14mm-bangers
weed pipe glass,150,,,,,Content gap (no page),,,,,,1,https://smokea.com/products/cheap-glass-hand-pipe-5
banger for wax,100,,,,,Content gap (no page),,,,,,1,https://www.smokecartel.com/710
vape pen battery light colors meaning,100,,,,,Content gap (no page),,,,,,1,https://www.smokecartel.com/blogs/guides/guide-to-vape-pen-battery-light-colors
thick glass beaker bong,100,,,,,Content gap (no page),,,,,,1,https://dankgeek.com/collections/thick-glass-bongs
cool grinders weed,100,,,,,Content gap (no page),,,,,,1,https://dankgeek.com/Rolling
goth bong,100,,,,,Content gap (no page),,,,,,1,https://dankgeek.com/collections/spooky-halloween-pipes-bongs-rigs-headshop
14mm bubbler,100,,,,,Content gap (no page),,,,,,1,https://dankgeek.com/collections/glass-bubblers
banger cap,100,,,,,Content gap (no page),,,,,,1,https://dankgeek.com/blogs/guides/the-top-10-carb-caps-for-your-quartz-banger-setup
glass nectar collector with metal tip,100,,,,,Content gap (no page),,,,,,1,https://dankgeek.com/collections/titanium-dab-straws
coffee cup pipe,100,,,,,Content gap (no page),,,,,,1,https://inhalco.com/collections/wake-and-bake-mug
dab one hitter,100,,,,,Content gap (no page),,,,,,2,https://smokea.com/products/smokea-silicone-dab-straw
purple glass bong,100,,,,,Content gap (no page),,,,,,1,https://inhalco.com/collections/purple-bongs
human sucks,100,,,,,Content gap (no page),,,,,,1,https://inhalco.com/collections/human-sucks
beaver bongs,100,,,,,Content gap (no page),,,,,,1,https://inhalco.com/products/cute-vinyl-beaver-water-pipe
custom oil burner pipe,100,,,,,Content gap (no page),,,,,,1,https://inhalco.com/collections/oil-burner-pipe
best dab tool,100,,,,,Content gap (no page),,,,,,1,https://smokea.com/collections/dab-tools
extract vape,100,,,,,Content gap (no page),,,,,,1,https://smokea.com/collections/extract-vaporizers
thca pods,100,,,,,Content gap (no page),,,,,,1,https://smokea.com/collections/thca-pod-vapes
18 mm banger,100,,,,,Content gap (no page),,,,,,1,https://smokea.com/collections/18mm-bangers
portable water bong,90,,,,,Content gap (no page),,,,,,1,https://dankgeek.com/collections/portable-bongs-for-on-the-go
dugout with grinder,90,,,,,Content gap (no page),,,,,,1,https://inhalco.com/products
nectar collector tip,90,,,,,Content gap (no page),,,,,,1,https://inhalco.com/collections/nectar-collector-tips
fab egg,90,,,,,Content gap (no page),,,,,,1,https://inhalco.com/collections/fab-egg-bong
metal banger,90,,,,,Content gap (no page),,,,,,1,https://smokea.com/collections/bangers
how to use pipe screens,80,,,,,Content gap (no page),,,,,,1,https://www.smokecartel.com/blogs/guides/how-to-use-pipe-screens
420 sales,80,,,,,Content gap (no page),,,,,,1,https://smokea.com/collections/420-sale
snoop dogg pounds,80,,,,,Content gap (no page),,,,,,1,https://smokea.com/collections/pounds-by-snoop-dogg
banger hanger dab rig,70,,,,,Content gap (no page),,,,,,1,https://dankgeek.com/collections/banger-hangers
one hitter with grinder,70,,,,,Content gap (no page),,,,,,1,https://inhalco.com/products/one-hitter-dugout-with-mini-grinder
nectar collector wax,70,,,,,Content gap (no page),,,,,,1,https://inhalco.com/products/mini-nectar-collector
silicone bong bowl,70,,,,,Content gap (no page),,,,,,1,https://inhalco.com/collections/bong-bowls
rubber weed pipe,70,,,,,Content gap (no page),,,,,,1,https://inhalco.com/products/silicone-pipe-weed-with-glass-bowl
dry pipe weed,70,,,,,Content gap (no page),,,,,,1,https://smokea.com/collections/dry-pipes
snoop dogg cart,70,,,,,Content gap (no page),,,,,,1,https://smokea.com/collections/dogg-lbs
bongs with designs,60,,,,,Content gap (no page),,,,,,1,https://www.smokecartel.com/collections/themed-pipes-and-bongs
beaker bongs with designs,60,,,,,Content gap (no page),,,,,,1,https://inhalco.com/collections/beaker-bong
dab cleaning station,60,,,,,Content gap (no page),,,,,,1,https://inhalco.com/collections/dab-station
glass dab straws,60,,,,,Content gap (no page),,,,,,1,https://inhalco.com/collections/nectar-collectors?page=2
ball bong,60,,,,,Content gap (no page),,,,,,1,https://smokea.com/collections/bubble-bongs
delta 11 edibles,60,,,,,Content gap (no page),,,,,,1,https://smokea.com/collections/delta-11
silicone nectar collector kit with case,50,,,,,Content gap (no page),,,,,,1,https://inhalco.com/collections/nectar-collector-kits
how to clean silicone nectar collector,50,,,,,Content gap (no page),,,,,,1,https://inhalco.com/blogs/guides/how-to-clean-a-silicone-nectar-collector
nectar collector with percolator,50,,,,,Content gap (no page),,,,,,1,https://inhalco.com/products/glass-nectar-collector-with-tree-perc
baby yoda pipe,50,,,,,Content gap (no page),,,,,,1,https://inhalco.com/products/baby-yoda-silicone-pipe-weed
